date,net_ret,equity
2020-01-01,0.0,1000000.0
2020-01-02,0.0,1000000.0
2020-01-03,0.0,1000000.0
2020-01-06,0.0,1000000.0
2020-01-07,0.0,1000000.0
2020-01-08,-0.00013333333333333334,999866.6666666666
2020-01-09,-6.666666666666667e-05,999800.0088888889
2020-01-10,0.0,999800.0088888889
2020-01-13,-0.00013333333333333334,999666.702221037
2020-01-14,-0.00013333333333333334,999533.4133274077
2020-01-15,-0.00013333333333333334,999400.1422056307
2020-01-16,-0.0002666666666666667,999133.6355010425
2020-01-17,-0.0002666666666666667,998867.1998649089
2020-01-20,-0.0002666666666666667,998600.8352782782
2020-01-21,-0.0002666666666666667,998334.5417222041
2020-01-22,-0.00013333333333333334,998201.4304499745
2020-01-23,-0.00013333333333333334,998068.3369259145
2020-01-24,0.0,998068.3369259145
2020-01-27,0.0,998068.3369259145
2020-01-28,-0.00013333333333333334,997935.2611476578
2020-01-29,0.0,997935.2611476578
2020-01-30,-0.0002666666666666667,997669.1450780184
2020-01-31,0.0,997669.1450780184
2020-02-03,0.0,997669.1450780184
2020-02-04,-0.00013333333333333334,997536.1225253413
2020-02-05,-0.00013333333333333334,997403.1177090046
2020-02-06,-0.00013333333333333334,997270.1306266434
2020-02-07,-0.00013333333333333334,997137.1612758931
2020-02-10,-0.00013333333333333334,997004.2096543898
2020-02-11,-0.00013333333333333334,996871.2757597691
2020-02-12,0.0,996871.2757597691
2020-02-13,-0.00013333333333333334,996738.359589668
2020-02-14,0.0,996738.359589668
2020-02-17,0.0,996738.359589668
2020-02-18,0.0,996738.359589668
2020-02-19,0.0,996738.359589668
2020-02-20,0.0,996738.359589668
2020-02-24,-0.0002666666666666667,996472.5626937774
2020-02-25,0.0,996472.5626937774
2020-02-26,-0.00013333333333333334,996339.6996854183
2020-02-27,0.0,996339.6996854183
2020-02-28,0.0,996339.6996854183
2020-03-02,0.0,996339.6996854183
2020-03-03,0.0,996339.6996854183
2020-03-04,0.0,996339.6996854183
2020-03-05,0.0,996339.6996854183
2020-03-06,-0.0002666666666666667,996074.0090988355
2020-03-09,-0.00013333333333333334,995941.1992309557
2020-03-11,-0.00013333333333333334,995808.4070710582
2020-03-12,0.0,995808.4070710582
2020-03-13,-0.0260174949301674,969899.966888669
2020-03-16,0.07802260623338624,1045574.090090998
2020-03-17,0.026191746304043157,1072959.501400742
2020-03-18,0.026189528843228522,1101059.8052102928
2020-03-19,0.01169347371143318,1113935.0190972353
2020-03-20,-0.09345690936331286,1009830.0949808448
2020-03-23,0.03393949556455473,1044103.2190104009
2020-03-24,-0.02467777742797993,1018337.0721598248
2020-03-25,0.06729023772443661,1086861.2158290662
2020-03-26,0.023033457620756852,1111895.3875835093
2020-03-27,0.011085330891888642,1124221.1158720371
2020-03-30,-0.03267767990756576,1087484.1781022444
2020-03-31,0.043739447487295934,1135050.1352036127
2020-04-01,0.011011442299340451,1147548.6742742658
2020-04-03,-0.0005265304851567836,1146944.454914059
2020-04-07,-0.04575255046880603,1094468.8208556862
2020-04-08,-0.013225585490664599,1079993.8298985928
2020-04-09,0.0015035079046587924,1081617.6091588282
2020-04-13,-0.010453759195845583,1070310.6391306955
2020-04-15,-0.014853084960434484,1054413.2242736304
2020-04-16,-0.009801930387659448,1044077.9392494728
2020-04-17,-0.0013404945269954265,1042678.3584861521
2020-04-20,0.02043837412742608,1063989.0088714624
2020-04-21,-0.02350651784416559,1038978.3322484294
2020-04-22,0.03530041071154241,1075654.6940971923
2020-04-23,0.04158614093210335,1120387.0218001967
2020-04-24,-0.009837659656721195,1109365.035595919
2020-04-27,0.009651202407459683,1120071.742098214
2020-04-28,0.0017454568298383617,1122026.7789703682
2020-04-29,0.016072049489959734,1140060.0488910403
2020-04-30,0.04734351938874437,1194034.503920046
2020-05-04,-0.04037620788665778,1145823.918565928
2020-05-05,0.006308002141801161,1153051.778298369
2020-05-06,-0.00886381037684499,1142831.3459808482
2020-05-07,-0.013243931405309934,1127695.7660268398
2020-05-08,-0.016594792690691765,1108981.8885714535
2020-05-11,0.006143273601272596,1115794.6677318038
2020-05-12,-0.015990874761210912,1097952.1349408776
2020-05-13,0.010248659791657419,1109204.6728394106
2020-05-14,0.004009322812463772,1113651.832437917
2020-05-15,-0.006750639760785752,1106133.9700981898
2020-05-18,-0.011081559340826603,1093876.2808696427
2020-05-19,0.009072746141993849,1103800.7426767214
2020-05-20,-0.007321172877267464,1095719.626617529
2020-05-21,0.009090213293894618,1105679.9517337887
2020-05-22,0.0027354219987938268,1108704.4529973867
2020-05-26,0.0053343667489842055,1114618.6891659067
2020-05-27,0.0032577923231372117,1118249.8853746965
2020-05-28,0.006778634504808297,1125830.092632695
2020-05-29,-0.010386526496519721,1114136.6285449865
2020-06-01,0.020798187886921806,1137308.651477167
2020-06-02,0.007615822549259729,1145970.192350555
2020-06-03,-0.0009753490315150085,1144852.4714333008
2020-06-04,0.01859064793787472,1166136.0206705232
2020-06-05,-0.008478058333246774,1156249.451462778
2020-06-08,0.009449949191680814,1167175.9500320102
2020-06-09,-0.008325264201869223,1157458.901877926
2020-06-10,0.012680992465439448,1172136.6294916957
2020-06-11,0.007992987472599288,1181505.5028873975
2020-06-12,-0.010247058932900262,1169398.5463697645
2020-06-15,-0.0048039634512589595,1163780.7984930489
2020-06-16,-0.004657042245075719,1158361.0221504588
2020-06-17,-0.00035473818643102134,1157950.1072622286
2020-06-18,0.0017997559945305125,1160034.1349091409
2020-06-19,0.025796575845676628,1189959.0434538985
2020-06-22,-0.006232098757333045,1182543.1011779122
2020-06-23,-0.011774376361471361,1168619.393640982
2020-06-24,0.0054828457422702774,1175026.7535077408
2020-06-25,0.003897282797766599,1179606.165061102
2020-06-26,-0.035344735746566776,1137913.2968719963
2020-06-29,-0.008296780669193609,1128472.2798272904
2020-06-30,0.001320912347640942,1129962.8927956847
2020-07-01,0.0061700789193001255,1136934.853020115
2020-07-02,0.027360385314920244,1168041.8286767076
2020-07-03,0.01447148807164996,1184945.1320675907
2020-07-06,0.022111894218282895,1211146.5134823387
2020-07-07,0.009037969004397092,1222092.8181309758
2020-07-08,-0.020305415490039242,1197277.7156914333
2020-07-09,0.0056926274484231,1204093.3716791638
2020-07-10,0.012616326433132855,1219284.6067122398
2020-07-13,0.01623598268296363,1239080.890472424
2020-07-14,0.001390677754991361,1240804.052703439
2020-07-15,-0.02361932591784804,1211497.0973824498
2020-07-16,0.032744971375889186,1251167.5351582107
2020-07-17,0.004406578609006284,1256680.9032549222
2020-07-20,-0.011416574152983647,1242333.9125362737
2020-07-21,0.010549333571435416,1255439.7073867256
2020-07-22,-0.006463032974911887,1247325.7591598714
2020-07-23,-0.008606945690267053,1236590.0940927113
2020-07-24,0.006589243203889229,1244738.2869662084
2020-07-27,-5.3070555375622774e-05,1244672.2280140219
2020-07-28,0.013813300390974023,1261865.2593878822
2020-07-29,-0.02041479416500885,1236104.5398535032
2020-07-30,0.004995245717065888,1242279.1857620524
2020-07-31,-0.005432862536713098,1235530.0537135873
2020-08-03,-0.008527584403967578,1224993.966896906
2020-08-04,-0.025425530254878866,1193847.8457295247
2020-08-05,0.006735852859620424,1201889.4291551337
2020-08-06,-0.000991385006501696,1200697.8939955963
2020-08-07,-0.010886550036358219,1187626.4362940635
2020-08-10,0.0024659405309341853,1190555.0524589298
2020-08-11,-0.002919518916633423,1187079.2044619825
2020-08-12,-0.0022476286150847546,1184411.0912736617
2020-08-13,0.0022067625237183865,1187024.8052825606
2020-08-14,-0.00045152314230243455,1186488.8361124885
2020-08-17,-0.006576017189115231,1178686.4651315194
2020-08-18,-0.0015819847083065792,1176821.8011677933
2020-08-19,0.0028230552358877946,1180144.034115287
2020-08-20,-0.00353264557168762,1175975.0035192163
2020-08-21,0.005127648940738568,1182004.9905003468
2020-08-24,-0.0030582890405749536,1178390.0775919945
2020-08-25,0.005984558883139025,1185442.2223986506
2020-08-26,-0.011870570076692654,1171370.3474257973
2020-08-27,0.004724518271968514,1176904.5080354523
2020-08-28,0.0018163787487345262,1179042.2123731377
2020-08-31,0.005036329930959283,1184980.2579571768
2020-09-01,-0.008112642506125083,1175366.9367475542
2020-09-02,-0.005870967560386682,1168466.3955903584
2020-09-03,0.011609745325645465,1182031.9928647373
2020-09-04,0.0010744552931305719,1183302.0333961206
2020-09-07,0.006710321729084833,1191242.370742889
2020-09-08,0.011944455880850418,1205471.112683627
2020-09-09,0.0015660384343357074,1207358.926777571
2020-09-10,0.028462875532560366,1241723.8336335667
2020-09-11,0.008973347851163252,1252866.2535278408
2020-09-14,0.02552363649356874,1284843.9563579445
2020-09-15,0.0037395026599221413,1289648.63375033
2020-09-16,0.008919609406537502,1301151.7958350575
2020-09-17,0.004844970372464844,1307455.837735958
2020-09-18,-0.0004132840347707741,1306915.487112054
2020-09-21,-0.006724328491204856,1298127.3580664694
2020-09-22,-0.01374103236075228,1280289.7480309
2020-09-23,0.014214473124063787,1298488.3922452999
2020-09-24,0.03990619160033179,1350306.1188170474
2020-09-25,-0.02219059165404119,1320342.0271264252
2020-09-28,0.0019985483493102363,1322980.794505264
2020-09-29,0.013191699165983862,1340433.1591487518
2020-09-30,0.002225481309653114,1343416.2680912768
2020-10-01,0.005649553173314289,1351005.9697317537
2020-10-05,0.032303064572288855,1394647.6028095463
2020-10-06,0.0007816079590631835,1395737.6704759907
2020-10-07,0.01304595577740037,1413946.4024018722
2020-10-08,0.016725102537252345,1437594.8009642225
2020-10-09,0.0016251780041975177,1439931.1484136984
2020-10-12,0.01017726969588099,1454585.7160546046
2020-10-13,0.01366475335453532,1474462.2710975208
2020-10-14,-0.005580708095955751,1466233.7275640257
2020-10-15,-0.012179014877372768,1448376.4451823176
2020-10-16,-0.013321988307124439,1429081.1911152843
2020-10-19,0.006520999126748772,1438400.2283146002
2020-10-20,-0.003699404334451003,1433079.004275298
2020-10-21,-0.00041222837304638144,1432488.2484489186
2020-10-22,0.003362610515909877,1437305.1484970702
2020-10-23,-0.0026141271393222976,1433547.8501008966
2020-10-26,0.01592039419469166,1456370.4969714554
2020-10-27,0.012783272470029083,1474987.677851553
2020-10-28,0.009153746675391705,1488489.3414039307
2020-10-29,-0.0033623061272346857,1483484.5845710048
2020-10-30,-0.004196824570870043,1477258.6600159702
2020-11-02,0.03258471095152534,1525394.7064532284
2020-11-03,0.004122229897465431,1531682.7341176053
2020-11-04,0.018422298763046064,1559899.8510557192
2020-11-05,0.006255465071608827,1569657.7500892063
2020-11-06,0.012585128232439699,1589412.0941551216
2020-11-09,0.012893932345321718,1609905.8661659937
2020-11-10,-0.017255635120761153,1582125.9179606603
2020-11-11,0.0004462526690646544,1582831.9458743467
2020-11-12,-0.006358527183436584,1572767.4659196928
2020-11-13,0.0023428968492550458,1576452.297860207
2020-11-14,-0.005554948151620106,1567695.1870820913
2020-11-17,0.001764189691055207,1570460.8987698585
2020-11-18,0.0017705572764182542,1573241.4897415056
2020-11-19,0.005064688188356799,1581209.4673320323
2020-11-20,0.007484354075957785,1593043.7988538018
2020-11-23,0.011725960527365381,1611723.7675575258
2020-11-24,0.0026088360838825895,1615928.490679581
2020-11-25,-0.007351082600272729,1604049.6668684613
2020-11-26,-0.0022922896592926976,1600372.720404107
2020-11-27,-0.005344347593177249,1591819.7723076285
2020-12-01,0.012999422272613156,1612512.5097097503
2020-12-02,-0.0015999892556630994,1609932.5070195924
2020-12-03,-0.008212189299561074,1596711.4365124307
2020-12-04,-0.002869778234249032,1592129.2287855507
2020-12-07,0.005667492181198833,1601152.6087411507
2020-12-08,0.016179540082877992,1627058.5215530826
2020-12-09,0.013474232483938383,1648981.8863374619
2020-12-10,-0.008536452623482052,1634905.4305877623
2020-12-11,-0.001581926434418494,1632319.1304693413
2020-12-14,-0.0003343947211281728,1631773.2915689158
2020-12-15,-0.0015116809455761656,1629306.570976551
2020-12-16,-0.010197634600826224,1612691.497913007
2020-12-17,-0.006360897841354903,1602433.3320451607
2020-12-18,0.006986919838636293,1613629.4052829193
2020-12-21,-0.007420872842373545,1601654.8666515998
2020-12-22,0.005528107063486905,1610508.9862332046
2020-12-23,0.00591392767504247,1620033.4198977938
2020-12-24,0.004038543779660198,1626575.9957885635
2020-12-28,0.004972727054200081,1634664.5142485339
2020-12-29,0.0006079973831875085,1635658.3859955866
2020-12-30,-0.0024316205922452205,1631681.0853823212
2020-12-31,-0.0046312071747451515,1624124.4322328025
2021-01-01,-0.008758243012156101,1609899.9557733275
2021-01-04,-0.004877904360028529,1602047.0177598512
2021-01-05,-0.008580674291422988,1588300.3741009084
2021-01-06,-0.007332612654077697,1576653.9826792995
2021-01-07,-0.003683816507244734,1570845.8787116925
2021-01-08,0.007441828814243341,1582535.8448346246
2021-01-11,0.004067752965267808,1588973.209710093
2021-01-12,0.009596612311209155,1604221.9695765786
2021-01-13,-0.0011690443990704106,1602346.5628681793
2021-01-14,0.010081369302995488,1618500.410319839
2021-01-15,-0.011929287109369987,1599192.8542385004
2021-01-18,-0.017483319994622545,1571233.6538347348
2021-01-19,-0.0002536200347852032,1570835.1575007935
2021-01-20,0.0043580618570651835,1577680.9542844344
2021-01-21,-0.0107103478398074,1560783.4424838088
2021-01-22,0.011171223221200491,1578219.3027197493
2021-01-25,-0.0206533718879556,1545623.7525399283
2021-01-27,0.004767576013117784,1552992.6312678428
2021-01-28,0.0034842912437412035,1558403.709894564
2021-01-29,0.02460050713864931,1596741.2314847226
2021-02-01,-0.01853262809481097,1567149.4200779658
2021-02-02,-0.014906241954621017,1543789.1116432399
2021-02-03,-0.004840201038788882,1536316.861981393
2021-02-04,-0.0010628923371282849,1534683.9225613922
2021-02-05,-0.001394753148866501,1532543.4173278848
2021-02-08,0.018834149654207846,1561407.5694014095
2021-02-09,-0.002543739514481983,1557435.755268912
2021-02-10,0.009089402969859961,1571591.9164482194
2021-02-11,0.011862838716829088,1590235.457881717
2021-02-12,0.0005556904042611777,1591119.1364661779
2021-02-15,-0.006830132841315728,1580251.5813977541
2021-02-16,-0.003075012631233212,1575392.28782443
2021-02-17,-0.005321148095970655,1567009.392151666
2021-02-18,-0.0021210021438715643,1563685.7618714455
2021-02-19,-0.00015380993680746968,1563445.2514632253
2021-02-22,0.030478245895709008,1611096.3202818
2021-02-23,-0.005301698086858024,1602554.7740028182
2021-02-24,-0.004688026851726053,1595041.954190931
2021-02-25,-0.008342310949391136,1581735.618231746
2021-02-26,0.003419062153070085,1587143.6706202049
2021-03-01,0.002207504168193175,1590647.2968886206
2021-03-02,0.00018058949530745197,1590934.5510811778
2021-03-03,0.03090425323771934,1640101.1953324277
2021-03-04,-0.008272764541978006,1626533.024318426
2021-03-05,-0.007535947672335082,1614275.5565598372
2021-03-08,0.00659794275339735,1624926.4542702276
2021-03-09,0.007315577186348232,1636813.7291685804
2021-03-10,0.0018958239304724068,1639916.8398060643
2021-03-12,-0.0037318654081706093,1633796.8908793156
2021-03-15,-0.005672309387655949,1624529.4894376576
2021-03-16,-0.003560610719985998,1618745.1723226325
2021-03-17,-0.0067688126420429135,1607788.1895359692
2021-03-18,0.0035613368474857036,1613514.0648583157
2021-03-19,-0.015564525013788147,1588400.4848357297
2021-03-22,-0.012077577855550192,1569216.4543143322
2021-03-23,-0.005386985727684567,1560763.1076712932
2021-03-24,0.004373640082799428,1567589.3237587588
2021-03-25,0.010188524870161864,1583560.7465700752
2021-03-26,-0.0001479654684447921,1583326.4342623982
2021-03-30,0.007933459324365384,1595887.6901258114
2021-03-31,-0.002017155768764763,1592668.5360653736
2021-04-01,0.008513408930242203,1606227.5746032281
2021-04-05,0.00877125483618674,1620316.2059849831
2021-04-06,-0.0039050664965363763,1613988.7634551963
2021-04-07,0.00695574287015958,1625215.2542891176
2021-04-08,0.0072138252522981755,1636939.2731309286
2021-04-09,-0.004220886360342805,1630029.938480261
2021-04-12,-0.00786749518644847,1617205.6857855006
2021-04-13,0.004209401180441057,1624013.1533082621
2021-04-15,-0.00594453105655007,1614359.1566821754
2021-04-16,0.00627082807469755,1624482.525404543
2021-04-19,0.006557178989596846,1635134.5480890928
2021-04-20,0.004654952095992019,1642746.021080949
2021-04-22,0.001870871645880327,1645819.388033172
2021-04-23,-0.0030491022151936252,1640801.1164913117
2021-04-26,-0.009499597375880494,1625214.1665107491
2021-04-27,-0.006612363699632177,1614467.6593519854
2021-04-28,-0.0013780927181134882,1612242.773227003
2021-04-29,0.0034341171797190504,1617779.4038324193
2021-04-30,-0.012892298313071704,1596922.5091534685
2021-05-03,-0.005210318915229939,1588602.0335978696
2021-05-04,0.011140950057334627,1606300.569515164
2021-05-05,-0.008664908931673265,1592382.1213634203
2021-05-06,-0.004931367748025176,1584529.4995275966
2021-05-07,-0.00034524399596833614,1583982.4502314501
2021-05-10,-0.0037201660156275756,1578089.7725507487
2021-05-11,-0.003705369462151786,1572242.366899005
2021-05-12,0.006003768526756186,1581681.7461378258
2021-05-14,-0.005709127709204501,1572651.7230538076
2021-05-17,-0.005264231326267854,1564372.9205879986
2021-05-18,0.003970409435633634,1570584.121592751
2021-05-19,0.001538198282987661,1572999.9913918725
2021-05-20,-0.004897360539245758,1565296.4433057962
2021-05-21,0.0013295505090920035,1567377.5839888735
2021-05-24,-0.004425505799255728,1560441.1454013074
2021-05-25,-0.0057231634411474795,1551510.4856858843
2021-05-26,0.005135592088165053,1559478.4106608778
2021-05-27,-5.250074541425972e-05,1559396.5368818608
2021-05-28,0.016739406447425057,1585499.9093254334
2021-05-31,0.012958557300336867,1606045.7007501058
2021-06-01,-0.0008883375615662548,1604618.9900285376
2021-06-02,-0.009649311033223357,1589135.5223039354
2021-06-03,-0.0003974280462380941,1588503.9552780986
2021-06-04,0.003980188711443848,1594826.5007889806
2021-06-07,-0.0006031882400947692,1593864.520198713
2021-06-08,0.0053149376835751085,1602335.8107996306
2021-06-09,-0.005549661796191408,1593443.3889657664
2021-06-10,0.0016218459390876887,1596027.7086553266
2021-06-11,0.01684415041590143,1622911.4394478635
2021-06-14,0.00847420141481973,1636664.3178641598
2021-06-15,0.0021328281343713598,1640155.041567822
2021-06-16,-0.0029885478061716375,1635253.3598165633
2021-06-17,0.008338041843869881,1648888.1707560425
2021-06-18,0.0012332228454950596,1650921.6173178854
2021-06-21,0.0033851146942372123,1656510.176343702
2021-06-22,-0.007274587424935895,1644459.7482455939
2021-06-23,-0.0010878467577331169,1642670.8280402422
2021-06-24,-0.03186729179297322,1590323.357443279
2021-06-25,-0.005230214168404315,1582005.6256868346
2021-06-28,0.0009126894633355217,1583449.5055523366
2021-06-29,-0.001977586913804119,1580318.0965314866
2021-06-30,0.0069445577412355535,1591292.706802369
2021-07-01,-0.005883778112595883,1581929.8936033517
2021-07-02,-0.008523055565327885,1568447.0172197171
2021-07-05,0.0003612852909485361,1569013.6740566706
2021-07-06,0.0014486326564277184,1571286.598503291
2021-07-07,0.0003759718467257608,1571877.3580274656
2021-07-08,-0.000395393296734747,1571255.8482568124
2021-07-09,0.007966953188529418,1583773.9700470774
2021-07-12,0.0026974923510188673,1588046.188217022
2021-07-13,-0.0012911956932135649,1585995.709818172
2021-07-14,-0.012025155447646646,1566923.864868308
2021-07-15,-0.000929575525785172,1565467.2907927576
2021-07-16,-0.0005796569568395467,1564559.8567869447
2021-07-19,0.0040047242556198554,1570825.4875947884
2021-07-20,-0.005108927311852485,1562800.2543590614
2021-07-22,0.013746960221442735,1584284.0072897961
2021-07-23,-0.0026680968655432937,1580056.9840958158
2021-07-26,-0.0002940160275315184,1579592.4220180786
2021-07-27,-0.002265452157868738,1576013.9309570647
2021-07-28,-0.005185833365503024,1567840.98532941
2021-07-29,0.00044322579392278943,1568535.8928948774
2021-07-30,0.001382733855430085,1570704.7605774405
2021-08-02,-0.0037313003085200545,1564843.9894197038
2021-08-03,0.013799663680243145,1586438.3101857458
2021-08-04,0.0002452715009983268,1586827.4182913264
2021-08-05,0.006719880157798341,1597490.7083733527
2021-08-06,-0.0051109241780497765,1589326.0544877176
2021-08-09,0.0020465634528561427,1592578.711105504
2021-08-10,0.005668334641605766,1601605.9801831474
2021-08-11,0.005758945432968361,1610829.5416281377
2021-08-12,0.00043793599894783605,1611534.9818725854
2021-08-13,0.020980553749265166,1645345.8781785842
2021-08-16,0.003727196938326127,1651478.4062982188
2021-08-17,0.013554455697634546,1673863.2971919882
2021-08-18,0.0004280327661802715,1674579.765529293
2021-08-20,-0.003938047971681032,1667985.1900802322
2021-08-23,0.010598447570596766,1685663.2436658295
2021-08-24,-0.0023580616203330296,1681688.3458661349
2021-08-25,0.0040543884301805265,1688506.563638784
2021-08-26,-0.00455163619986491,1680821.0960400163
2021-08-27,0.0011939180013577817,1682827.8586036405
2021-08-30,-0.010198546440528977,1665665.4605362553
2021-08-31,0.011093963895442002,1684144.2930173292
2021-09-01,-0.01322158036318577,1661877.243904
2021-09-02,0.009169775775125677,1677116.2855963835
2021-09-03,-0.010931165401356857,1658783.4500812201
2021-09-06,0.011738794886584641,1678255.5687629848
2021-09-07,-0.005596485211836792,1668863.23629072
2021-09-08,-0.007568420630947907,1656232.577342947
2021-09-09,0.00041043059291245854,1656912.3458616668
2021-09-13,0.0022254219093286102,1660599.6748979844
2021-09-14,-0.004345534891239137,1653383.4810703348
2021-09-15,0.00036556344092681173,1653987.8976248463
2021-09-16,0.009521886366657592,1669736.982437857
2021-09-17,0.009334145737317856,1685322.5507749214
2021-09-20,-0.0017220544041863203,1682420.333653885
2021-09-21,-0.001429755207892451,1680014.884419979
2021-09-22,0.003807935058032267,1686412.271996378
2021-09-23,0.0037793801484831877,1692785.8650593192
2021-09-24,-0.004861754271732632,1684555.9561487385
2021-09-27,-0.005555076940739586,1675198.118201351
2021-09-28,-0.014865381656943524,1650295.6588232943
2021-09-29,0.0026162962149045414,1654613.3211089473
2021-09-30,0.0030552111257996137,1659668.5141364955
2021-10-01,-0.0025929477097589304,1655365.0804638062
2021-10-04,-0.003156974665311507,1650139.1348429406
2021-10-05,0.009295171979350576,1665477.4618911624
2021-10-06,0.0002995614693059202,1665976.3747667426
2021-10-07,0.012148915619104644,1686216.1811672056
2021-10-08,0.022945062168439206,1724906.5162735153
2021-10-11,-0.02986100277876687,1673399.0779979588
2021-10-12,-0.003989048245018734,1666723.808342655
2021-10-13,-0.0012839610130242814,1664583.7999532635
2021-10-14,-0.003961011415997288,1657990.3645187647
2021-10-18,-0.010659051175242462,1640317.7603753002
2021-10-19,-0.0037826814786865817,1634112.960763968
2021-10-20,-0.0025357912456365947,1629969.1914236813
2021-10-21,0.006309661779957346,1640253.7457333156
2021-10-22,0.010232305328165214,1657037.3228753256
2021-10-25,0.006050979408556982,1667064.0215952545
2021-10-26,-0.008799204428764954,1652395.184473399
2021-10-27,-0.0014093874694659503,1650066.3194057962
2021-10-28,0.01498809674376004,1674797.6730346705
2021-10-29,0.01739814991171018,1703936.054021911
2021-11-01,-0.014101246051899307,1679908.4324674455
2021-11-02,0.004400191423456217,1687300.3511441804
2021-11-03,0.002292186746835608,1691167.958647004
2021-11-04,0.0015619857546789776,1693809.53890718
2021-11-08,0.006592388927655309,1704975.790157029
2021-11-09,0.003309729834407952,1710618.7993966548
2021-11-10,0.0011099018887168318,1712517.4184329796
2021-11-11,-0.0003310198838911334,1711950.5411159683
2021-11-12,-0.0005056349820124449,1711084.919034905
2021-11-15,0.0017773438251762698,1714126.105250104
2021-11-16,-0.007209161223107123,1701768.6938006193
2021-11-17,-0.004803947494890289,1693593.486347153
2021-11-18,0.004129474578653869,1700587.1375955977
2021-11-22,0.0199033679878703,1734434.549190602
2021-11-23,0.0005825240832811515,1735444.8990863804
2021-11-24,0.014678187293571362,1760918.0843528435
2021-11-25,-0.025136293882005015,1716655.1298824132
2021-11-26,0.016469243235712958,1744927.140768281
2021-11-29,0.00028095401535949545,1745417.3850549895
2021-11-30,0.010582583860592765,1763888.4109040706
2021-12-01,0.013436131621849557,1787588.247759233
2021-12-02,0.0024255606992774847,1791924.1515594884
2021-12-03,-0.012212666097873637,1770039.9802237768
2021-12-06,0.007981949233738317,1784168.3494876102
2021-12-07,-0.004035023809750478,1776969.1877168242
2021-12-08,0.009117687122960114,1793171.0367975668
2021-12-09,0.009518106484593317,1810238.6296708945
2021-12-10,0.004110313281622265,1817679.2775533367
2021-12-13,-0.00640521481666978,1806036.6513127983
2021-12-14,-0.004221265549792401,1798412.8910149492
2021-12-15,0.002341646326328517,1802624.1379544165
2021-12-16,-0.004193734919787762,1795064.4101598246
2021-12-17,-0.0183206473195154,1762177.6681854725
2021-12-20,-0.002415915705265448,1757920.395481435
2021-12-21,-0.0022083396073770225,1754038.3102454776
2021-12-22,0.003426328519922158,1760048.2217329077
2021-12-23,0.0028238225826568834,1765018.285648002
2021-12-24,0.002735795775137925,1769847.0152169191
2021-12-27,0.002404011931712543,1774101.7485588067
2021-12-28,0.00880410682595456,1789721.1298732313
2021-12-29,-0.000928402779549827,1788059.5478016376
2021-12-30,-0.008387337358634187,1773062.4891568983
2021-12-31,-3.014206152914441e-05,1773009.045398255
2022-01-03,0.013860790710157394,1797584.3527037364
2022-01-04,0.013495421193526017,1821843.510674365
2022-01-05,-0.013300592444341208,1797611.9126415176
2022-01-06,-0.0023035805616599125,1793470.968782148
2022-01-07,0.0006998631247617423,1794726.1529785295
2022-01-10,0.008702460230163966,1810344.6859488604
2022-01-11,-0.004756530980851507,1801733.7253641249
2022-01-12,0.007789742659734984,1815768.7674260773
2022-01-13,0.0015901470664597909,1818656.1068049693
2022-01-14,0.01208071119898911,1840626.766001558
2022-01-17,0.0077773167364638685,1854941.9033543651
2022-01-18,-0.009567259210826537,1837195.19334395
2022-01-19,-0.015195722337157358,1809277.6853067349
2022-01-20,0.005464982633515491,1819165.3564361434
2022-01-21,0.006153079548552324,1830358.8255862654
2022-01-24,0.02797795227361218,1881568.5174521029
2022-01-25,0.0035917166304495116,1888326.5783875657
2022-01-27,0.024034204883255434,1933711.006259029
2022-01-28,-0.0049152289880941185,1924206.373866468
2022-01-31,-0.021299800301946448,1883221.1623633797
2022-02-01,-0.0025075126934090536,1878498.961394257
2022-02-02,0.008249264586952803,1893995.196353114
2022-02-03,-0.016094426921853405,1863512.4290750676
2022-02-04,-0.0018380254906348462,1860087.2457283125
2022-02-07,3.694583769474231e-05,1860155.9682097915
2022-02-08,-0.002020402811271064,1856397.703862218
2022-02-09,-0.009421725532040362,1838907.234218118
2022-02-10,-0.0059378985813876685,1827987.9895607508
2022-02-11,0.0029403347506683345,1833362.8861702604
2022-02-14,0.016390624701722662,1863412.8491795443
2022-02-15,0.007581435010363259,1877540.192593075
2022-02-16,-0.0009369715892913206,1875780.990774863
2022-02-17,-0.008381309880108434,1860059.4890239618
2022-02-18,1.030875425607943e-05,1860078.663920136
2022-02-21,-0.005409594823208033,1850016.3920090338
2022-02-22,0.012330379554305744,1872827.7963041924
2022-02-23,-0.0017523991736593395,1869545.8544215427
2022-02-24,0.04401756188066114,1951838.7047572762
2022-02-25,-0.019105397822182235,1914548.0498181556
2022-02-28,-0.01833119937700108,1879452.0878000902
2022-03-02,-0.003910879596222953,1872101.7769778343
2022-03-03,-0.0008836417474438937,1870447.5096922328
2022-03-04,-0.009886799146098706,1851954.7708505853
2022-03-07,-0.005661052252261166,1841470.7581239755
2022-03-08,-0.0190882293187198,1806320.3420091881
2022-03-09,0.021116891108120747,1844464.2119777796
2022-03-10,0.00650656005286434,1856465.3291383723
2022-03-11,-0.0017573638563821807,1853202.844068318
2022-03-14,0.019366732095613532,1889093.327068218
2022-03-15,-0.021188951535353013,1849065.4201152106
2022-03-16,0.0021649553200809336,1853068.5641336667
2022-03-17,0.006130168454868009,1864428.1865902264
2022-03-21,-0.006378730102680345,1852535.5023921377
2022-03-22,0.004257788107031798,1860423.206022077
2022-03-23,-0.0006911339429351996,1859137.404396171
2022-03-24,0.0005962004606710515,1860245.8229731226
2022-03-25,-0.0034721908424384163,1853786.694461911
2022-03-28,0.002903216763892158,1859168.639069953
2022-03-29,0.0017314584213026821,1862387.7122666922
2022-03-30,0.011802134189658794,1884367.8619600355
2022-03-31,-0.0035057581225062715,1877761.7240221794
2022-04-01,0.004788603772150202,1886753.5808970314
2022-04-04,-0.0017266280114207385,1883495.859313606
2022-04-05,0.004639962615640503,1892235.209687535
2022-04-06,0.0001737424795639804,1892563.9713247844
2022-04-07,0.008946480613072386,1909495.7582032408
2022-04-08,-0.0064768184736365845,1897128.3008011794
2022-04-11,0.00854886111746663,1913346.5871667443
2022-04-12,0.011302123604152762,1934971.4667924868
2022-04-13,0.002688959547406,1940174.5267920766
2022-04-18,0.03744651435991556,2012827.3000703389
2022-04-19,-0.005930610665093424,2000890.005017551
2022-04-20,-0.007134525546070784,1986614.6041618756
2022-04-21,-0.007600593836866472,1971515.1534452538
2022-04-22,0.008179931547555993,1987642.0124454051
2022-04-25,0.006890476251752542,2001337.8125291457
2022-04-26,0.013779173594407326,2028914.593669036
2022-04-27,-0.0050026219438362865,2018764.7010005775
2022-04-28,0.0035802804962988453,2025992.4448861866
2022-04-29,0.0030387145417427822,2032148.8575899233
2022-05-02,0.006412445035415455,2045179.9004430012
2022-05-04,0.01734688492319594,2080657.400823219
2022-05-05,-0.020651534106397394,2037688.63354639
2022-05-06,0.018983605506343062,2076371.3107103943
2022-05-09,-0.0203069922160915,2034206.4546660827
2022-05-10,-0.00148049846285588,2031194.8151368182
2022-05-11,0.01150855179674136,2054570.9258760926
2022-05-12,0.01103732465868601,2077247.8922192845
2022-05-13,-0.0034178426746670856,2070148.1857273954
2022-05-16,0.007026657201403275,2084694.4073846086
2022-05-17,-0.01332056011623955,2056925.1102070534
2022-05-18,-0.003646673525506272,2049424.175863712
2022-05-19,-0.028499562992719458,1991016.482464882
2022-05-20,-0.022936834781331846,1945348.8663596767
2022-05-23,0.00210398119451168,1949441.843791262
2022-05-24,0.0016887176190569415,1952733.9005801992
2022-05-25,-0.002480302687494033,1947890.5294386295
2022-05-26,0.006227350661187699,1960020.7268150502
2022-05-27,-0.0141160567413366,1932352.963021133
2022-05-30,0.008195405734102773,1948189.3795745869
2022-05-31,-0.006819847433144136,1934903.0252350164
2022-06-01,-0.006352317180705429,1922611.9075048172
2022-06-02,0.02486820222301252,1970423.8092170185
2022-06-03,0.011452384146247718,1992989.8596110847
2022-06-06,-0.0004954957791657444,1992002.3415477274
2022-06-07,-0.011091451197717336,1969908.1447907118
2022-06-08,-0.0003969471048522524,1969126.1954558124
2022-06-09,0.014588065138607354,1997851.93666126
2022-06-10,0.00792866674069319,2013692.2388642957
2022-06-13,0.031896691496547044,2077922.358976341
2022-06-14,0.0015374364106944816,2081117.0324696277
2022-06-15,0.00872068738291206,2099265.8035170487
2022-06-16,0.017204658696394353,2135382.9551795716
2022-06-17,0.004088973472886874,2144114.479437756
2022-06-20,-0.0029448264422230843,2137800.434423554
2022-06-21,-0.013841117891144112,2108210.886582959
2022-06-22,-0.014309310991348518,2078043.841371497
2022-06-23,-0.010761647804149196,2055680.6654290755
2022-06-24,0.0037234700303615162,2063334.9307787942
2022-06-27,0.0045756017712813195,2072775.9297428122
2022-06-28,0.0055947961985012284,2084372.6886348822
2022-06-29,0.0001998863114497599,2084789.3262033002
2022-06-30,-0.000675561843964112,2083380.9220818137
2022-07-01,-0.033162410251644375,2014290.9892332873
2022-07-04,0.010545341042056422,2035532.3746726932
2022-07-05,0.0016647749637187963,2038921.0780078874
2022-07-06,-0.011217386938221621,2016049.7113393769
2022-07-07,-0.007628159287685528,2000670.9630093877
2022-07-08,0.006101379778790795,2012877.8163671072
2022-07-11,-0.011320064545323645,1990091.9095639815
2022-07-12,0.011274092028076374,2012528.3888967359
2022-07-13,0.009517799707129551,2031683.2310071674
2022-07-14,-0.0028007661052589002,2025992.9614771397
2022-07-15,-0.001457858929240996,2023039.3495476712
2022-07-18,-0.018975633781455902,1984650.8957251797
2022-07-19,0.004366302651479325,1993316.4821934453
2022-07-20,0.011835458606585414,2016908.2969082703
2022-07-21,0.0028307769178737233,2022617.7143606262
2022-07-22,-0.004192763068241086,2014137.3575066845
2022-07-25,-0.011297087708465247,1991383.471122035
2022-07-26,-0.006559977639991736,1978320.0400788256
2022-07-27,-0.002916348562737999,1972550.5692733056
2022-07-28,-0.0022090710246605028,1968193.0649660465
2022-07-29,0.018163142899368385,2003941.6368585709
2022-08-01,0.008664671224848522,2021305.1322957356
2022-08-02,-0.0010396950096389634,2019203.59143673
2022-08-03,0.012487426777373578,2044418.2484334058
2022-08-04,0.0043304197859125315,2053271.4376671026
2022-08-05,-0.0004188035007456718,2052411.5204010266
2022-08-08,0.003863239948679749,2060340.4785777703
2022-08-10,0.0004995432672229386,2061369.7077920309
2022-08-11,-0.002032166985082314,2057180.6603278068
2022-08-12,-0.013016430882420653,2030403.5104499976
2022-08-16,-0.0026926333039498282,2024936.3783373032
2022-08-17,0.0011302107266698929,2027224.9831529243
2022-08-18,-0.00738521725470657,2012253.4862281713
2022-08-19,0.009366533337021124,2031101.3255894647
2022-08-22,0.008206457616713911,2047769.4725331666
2022-08-23,-0.005190688458400628,2037140.1391666236
2022-08-24,0.004781870626046499,2046881.4797592447
2022-08-25,0.008971419547787018,2065244.91227876
2022-08-26,0.0013138810758808407,2067958.3984860624
2022-08-29,0.024832639013777993,2119311.2628911776
2022-08-30,-0.020649970318157518,2075547.5482175378
2022-09-01,0.024465705388002523,2126327.283051019
2022-09-02,0.006580744396621189,2140320.0994043397
2022-09-05,-0.007400433689350801,2124480.802434713
2022-09-06,-0.0014189231742066284,2121466.3273909814
2022-09-07,-0.0010496374228338896,2119239.55694247
2022-09-08,-0.0018468679807066863,2115325.601261306
2022-09-09,0.010913033088096496,2138410.219539968
2022-09-12,0.011764421952566254,2163567.379670316
2022-09-13,0.003284799283439758,2170674.264248731
2022-09-14,-0.030246937129756086,2105018.01624882
2022-09-15,0.014242289195648546,2134998.2915982865
2022-09-16,0.03150006163601945,2202250.869376429
2022-09-19,-0.005867611029504838,2189328.917885539
2022-09-20,-0.0008995190249151038,2187359.5748721045
2022-09-21,0.0060806167030918274,2200660.070038739
2022-09-22,0.004703383990118122,2211010.619379852
2022-09-23,0.009667015809068999,2232384.4939914164
2022-09-26,0.0034986989297717264,2240194.9352313834
2022-09-27,-0.003261203060303952,2232889.204652929
2022-09-28,-0.011160598566665366,2207968.8245959575
2022-09-29,0.004000016711513384,2216800.7367928415
2022-09-30,0.003051838029410285,2223566.0535850106
2022-10-03,-0.003761161488172937,2215202.862577858
2022-10-04,0.009214280411764132,2235614.3629225926
2022-10-06,0.008265534808814668,2254092.9112584153
2022-10-07,-0.0034755430463934145,2246258.7143147667
2022-10-10,0.004826423355518787,2257100.109836073
2022-10-11,-0.010386347558148318,2233657.083621781
2022-10-12,-0.004827167959366197,2222874.8457155107
2022-10-13,-0.003386690251297416,2215346.6571456715
2022-10-14,0.011378895660395577,2240554.855608938
2022-10-17,0.010988137263664197,2265174.379909138
2022-10-18,0.012486999300399463,2293459.610806347
2022-10-19,-0.0006678097183551909,2291928.0161895948
2022-10-20,0.00814759742200081,2310601.722985713
2022-10-21,-0.006055550343909995,2296609.7579274476
2022-10-24,0.007548607691168607,2313945.9640097516
2022-10-25,-0.0034680512836407083,2305921.0807389924
2022-10-27,0.004930216421997498,2317289.770719082
2022-10-28,0.008343152231955534,2336623.2720417446
2022-10-31,0.01161989390058434,2363774.586548506
2022-11-01,0.012028273023753902,2392206.712642122
2022-11-02,-0.003933508444732799,2382796.9473363976
2022-11-03,-0.007188950222423755,2365667.1386918533
2022-11-04,0.0023646896442482968,2371261.2072764565
2022-11-07,-0.0016673688887114178,2367307.4401124353
2022-11-09,-0.0006576426927731305,2365750.597672898
2022-11-10,0.004861326979294555,2377251.284879647
2022-11-11,0.0038950759746750364,2386510.859245147
2022-11-14,0.0034439685268718846,2394729.927533425
2022-11-15,4.410437375527524e-05,2394835.545597192
2022-11-16,-0.0024799359531994486,2388896.5068256655
2022-11-17,-0.003105416457362857,2381477.9882984324
2022-11-18,0.0014994909787408252,2385048.9930579555
2022-11-21,0.0065707830157855675,2400720.6324733575
2022-11-22,-0.008756673393994935,2379698.305984563
2022-11-23,0.0021079211295046787,2384714.522325595
2022-11-24,-0.014320437404069977,2350564.367282055
2022-11-25,0.006842536708447522,2366648.1902507506
2022-11-28,0.009508684523689581,2389151.901270406
2022-11-29,0.001938802763546595,2393783.995579121
2022-11-30,0.002918132303840119,2400769.3739850363
2022-12-01,0.011874719301166051,2429277.836407945
2022-12-02,-0.007503536603894541,2411049.661241428
2022-12-05,-0.003333827345221822,2403011.6379500935
2022-12-06,-0.002609132564856857,2396741.8620317876
2022-12-07,0.006782752100562805,2412998.3679309906
2022-12-08,7.859380965746787e-05,2413188.0146654234
2022-12-09,0.02126397489829901,2464501.9840341453
2022-12-12,0.0048210449075989,2476383.4587740405
2022-12-13,-0.011523491206624584,2447846.875762627
2022-12-14,-0.003656978292575941,2438895.152874413
2022-12-15,0.018912052799227735,2485019.6667773547
2022-12-16,0.012148501694860592,2515208.932410961
2022-12-19,0.0028032397165455767,2522259.665985706
2022-12-20,-0.007236224576615362,2504008.0286020944
2022-12-21,0.0017170069428862345,2508307.4277722468
2022-12-22,-0.0009935732992010597,2505815.2404858246
2022-12-23,0.018445767851991517,2552036.9266918087
2022-12-26,-0.006625692923083015,2535127.9136871803
2022-12-27,0.004546425127820782,2546653.682936208
2022-12-28,-0.0008215246697916475,2544561.54411026
2022-12-29,-0.002941546083865942,2537076.5990650263
2022-12-30,-0.003171438145628857,2529030.4175603697
2023-01-02,0.007734116162649851,2548590.2325886562
2023-01-03,0.002343431179896142,2554562.6784044835
2023-01-04,-0.0016554504982638325,2550333.7263456727
2023-01-05,-0.003418153021351215,2541616.2954135104
2023-01-06,0.0009591959771041066,2544054.203539413
2023-01-09,-0.005158985664635046,2530929.4643732985
2023-01-10,-0.001873623161646646,2526187.4563083546
2023-01-11,0.008018646620604386,2546444.0608178955
2023-01-12,-0.006045545449244117,2531049.417514263
2023-01-13,0.0006311980656588112,2532647.011010685
2023-01-16,-0.0018161201786693522,2528047.419668542
2023-01-17,0.003357602981372961,2536535.599221873
2023-01-18,-0.0004184408211023542,2535474.2091829795
2023-01-19,-0.0035539521693196186,2526463.2551169996
2023-01-20,-0.00600106237882941,2511301.7915252224
2023-01-23,-0.0019141246723337983,2506494.846806388
2023-01-24,-0.0032173855840094876,2498430.4864198784
2023-01-25,0.003198743850017675,2506422.3255730104
2023-01-27,0.0029888657672785257,2513913.6854602583
2023-01-30,0.005164295290843857,2526896.2780676694
2023-01-31,0.006882299992806599,2544287.1363040376
2023-02-01,-0.00685615997117089,2526843.096684945
2023-02-02,-0.014085083951496153,2491252.299535879
2023-02-03,0.0013446841197712743,2494602.2469414086
2023-02-06,-0.006530975059316435,2478310.0618837196
2023-02-07,-0.003596165005236962,2469397.649967047
2023-02-08,0.017082977668556584,2511582.31487622
2023-02-09,0.008099739019189553,2531925.4761519292
2023-02-10,-0.0047972560580973695,2519779.1813228084
2023-02-13,-0.011949694128356905,2489668.5908349995
2023-02-14,0.014902592030051237,2526771.106134246
2023-02-15,0.01030007134638041,2552797.028803401
2023-02-16,0.004659564850298192,2564691.9521087594
2023-02-17,-0.01046871756419058,2537842.91642298
2023-02-20,-0.006929944486500854,2520255.8058967097
2023-02-21,-0.009166976483860547,2497152.6801907416
2023-02-22,0.015804350764664882,2536618.5570613984
2023-02-23,0.0027660605909860894,2543634.99768645
2023-02-24,-0.0009666601791906334,2541176.1670237905
2023-02-27,0.0178297623943335,2586484.734283968
2023-02-28,0.01308151119472789,2620319.8632904966
2023-03-01,-0.012298909391139349,2588092.7867160845
2023-03-02,0.014189295272363567,2624815.999459073
2023-03-03,-0.008180038467000047,2603344.9036147003
2023-03-06,-0.006636742566030159,2586067.173678823
2023-03-08,-0.0004974245187001916,2584780.800459629
2023-03-09,-0.00013324818691752677,2584436.3831043886
2023-03-10,0.007474576410895409,2603753.950329001
2023-03-13,0.002000499153871963,2608962.757903525
2023-03-14,0.011426476029702764,2638774.008319097
2023-03-15,0.007443433152565719,2658415.5462547485
2023-03-16,0.006761092011234611,2676389.3383670733
2023-03-17,-0.002925117917804735,2668560.5839583944
2023-03-20,0.011050997582043864,2698050.8405192564
2023-03-21,-0.003345045094648539,2689025.738790065
2023-03-22,0.0018514945313445367,2694004.45524008
2023-03-23,0.007089055803595608,2713102.4031584123
2023-03-24,0.005429167809057319,2727832.2913883156
2023-03-27,-0.0071265956502494015,2708392.1336458977
2023-03-28,0.0017169697371122764,2713042.360975601
2023-03-29,0.000818022857432547,2715261.691640062
2023-03-31,0.03191727819336244,2801925.4544199174
2023-04-03,-0.004548004216961295,2789182.2856376045
2023-04-05,0.006345773081094519,2806881.8035040693
2023-04-06,-0.00011578128627428204,2806556.819118439
2023-04-10,0.0033923502864486124,2816077.64294771
2023-04-11,-0.011856874233892528,2782687.764502403
2023-04-12,0.009475543594129077,2809055.2437237953
2023-04-13,-0.015944906674597078,2764265.120018832
2023-04-17,0.024425975083132143,2831784.990963583
2023-04-18,0.002608398651723095,2839171.4151159823
2023-04-19,0.001145726084805232,2842424.3278655144
2023-04-20,0.0014505157885442933,2846547.309230826
2023-04-21,-0.007512920941455429,2825161.4243404623
2023-04-24,-0.002463124968533107,2818202.698696033
2023-04-25,-0.003072820432066647,2809542.8678617743
2023-04-26,0.005002849591377201,2823598.5882502133
2023-04-27,0.005991162237106295,2840515.225484885
2023-04-28,0.011104190914478599,2872056.8488441524
2023-05-02,0.009417698915702063,2899105.0155153465
2023-05-03,-0.009116264139762853,2872676.0084249973
2023-05-04,0.009275297274689528,2899320.9323770073
2023-05-05,-0.0035981933820662024,2888888.6149856425
2023-05-08,0.007889914842666768,2911681.700147829
2023-05-09,0.0035263860989250308,2921949.4140197244
2023-05-10,-0.0038859849507440667,2910594.762570008
2023-05-11,-0.00018198585880957463,2910065.075482495
2023-05-12,-0.004234069639046563,2897743.657298745
2023-05-15,0.0009030872777796572,2900360.5727299186
2023-05-16,0.005872523928890209,2917393.0095956847
2023-05-17,0.011483108191654162,2950893.7491624476
2023-05-18,0.0018773051558926834,2956433.477212242
2023-05-19,-0.0075737084458695906,2934042.3120162277
2023-05-22,-0.012342104000410506,2897830.0566597185
2023-05-23,0.0013748272613107813,2901814.07242026
2023-05-24,-0.0016640425184550889,2896985.3304231013
2023-05-25,0.00042820218725951137,2898225.825878047
2023-05-26,0.01602222929482903,2944661.8646084606
2023-05-29,0.0002473092015286005,2945390.106582969
2023-05-30,0.0018940053663918006,2950968.6912509543
2023-05-31,-0.010701796309192657,2919388.0254023816
2023-06-01,0.0021617427932923835,2925698.9914271194
2023-06-02,0.0017664861571466148,2930867.1981954533
2023-06-05,0.002999776067301145,2939659.1434730375
2023-06-06,0.011836312728142733,2974453.8684093286
2023-06-07,-0.000860900667609628,2971893.159088241
2023-06-08,-0.002523379995893619,2964393.9433406647
2023-06-09,0.003942504053607594,2976081.078478775
2023-06-12,-0.003236074728219999,2966450.2577115763
2023-06-13,0.001134425619766348,2969815.4748836863
2023-06-14,0.0035844090509046466,2980460.5083513763
2023-06-15,0.00233374063755271,2987416.1301583373
2023-06-16,7.741282200548459e-05,2987647.3944714777
2023-06-19,-0.00032340614523834396,2986681.1709443005
2023-06-20,-0.0014508603997141082,2982347.9135068054
2023-06-21,0.0010421256995431173,2985455.89491245
2023-06-22,0.0010593803616937144,2988618.628258223
2023-06-23,0.0007030603620202802,2990719.807552947
2023-06-26,0.0067218951240363145,3010823.1124446965
2023-06-27,-0.0033673929386453124,3000684.4879563404
2023-06-28,-0.010000233571549666,2970676.942202251
2023-06-30,0.0006027050025020422,2972467.384056134
2023-07-03,0.004948922138489579,2987177.893699027
2023-07-04,0.003150524188028266,2996589.0699070697
2023-07-05,0.0011037677576139677,2999896.6083052517
2023-07-06,0.0064518304294326105,3019251.432527867
2023-07-07,-0.002243898710475234,3012476.5381318172
2023-07-10,-0.018840553134082134,2955719.813849969
2023-07-11,-0.0014850180573125957,2951330.5165540455
2023-07-12,0.0020074292376644153,2957255.103722987
2023-07-13,-0.0028176029126140653,2948922.7331293947
2023-07-14,0.03181797593486145,3042751.485685871
2023-07-17,0.0039331481337402385,3054719.0780132324
2023-07-18,0.01556214141526017,3102257.0482891677
2023-07-19,-8.19592728596256e-05,3102002.7895572665
2023-07-20,-0.005938617034740338,3083581.1829493893
2023-07-21,-0.026070972310028136,3003189.2233129926
2023-07-24,0.0026062798869059896,3011016.374982286
2023-07-25,0.00028119571691812933,3011863.059890501
2023-07-26,-0.007912515933000833,2988031.6454411014
2023-07-27,0.001192086208618955,2991593.6367565487
2023-07-28,0.010404905009563578,3022720.8843742157
2023-07-31,0.005470524127741575,3039256.751903613
2023-08-01,0.0004698953892814976,3040684.884638175
2023-08-02,-0.004632491789081369,3026598.9368769047
2023-08-03,0.004372291819822942,3039832.110650497
2023-08-04,0.003688516561206834,3051044.581733919
2023-08-07,0.0015218698342044739,3055687.8744456735
2023-08-08,-0.0013907827530386847,3051438.076451225
2023-08-09,0.0022948050936784687,3058440.5320921093
2023-08-10,-0.0017458076856220102,3053101.083105165
2023-08-11,-0.00503002289518785,3037743.9147558236
2023-08-14,0.009179892232143239,3065630.076522131
2023-08-16,-0.00554682962157469,3048625.5488048876
2023-08-17,-0.005358649032485212,3032289.034457375
2023-08-18,-0.0038903559700816715,3020492.3507091603
2023-08-21,-0.011308268486610438,2986335.8122455883
2023-08-22,0.0022228075963927063,2992973.8621744267
2023-08-23,-0.003087914993011065,2983731.8133117277
2023-08-24,-0.008412110089146678,2958632.3328216607
2023-08-25,-8.494585653499402e-05,2958381.009263977
2023-08-28,-0.003933104348097364,2946745.388053112
2023-08-29,-0.003855314597639488,2935384.757543024
2023-08-30,-0.0058928689509213,2918086.919846291
2023-08-31,0.0017640499519767279,2923234.57093711
2023-09-01,-0.0033924965581505115,2913317.5077165393
2023-09-04,-0.009051939721823684,2886946.3332461556
2023-09-05,0.005714842625509114,2903444.777208948
2023-09-06,0.000427957743668365,2904687.328884668
2023-09-07,0.0003783839937921603,2905786.4160768883
2023-09-08,0.0017054759444365593,2910742.1649091784
2023-09-11,0.008900947293711603,2936650.5275046187
2023-09-12,0.010340798212339722,2967017.8380297055
2023-09-13,-0.00014879045402046062,2966576.3740984984
2023-09-14,0.0014904336043849813,2970997.8592164298
2023-09-15,0.0052283086811895085,2986531.1531155664
2023-09-18,-0.008129050799869341,2962253.4896564977
2023-09-20,0.006958439928552961,2982866.1526174187
2023-09-21,0.0019292690859004315,2988620.904073043
2023-09-22,-0.0016939035630446039,2983558.4684750442
2023-09-25,-0.00039784307616545317,2982371.4803960267
2023-09-26,0.0018305974335750396,2987831.001974007
2023-09-27,-0.005540539800765225,2971276.80538961
2023-09-28,0.016037033980238924,3018927.272482339
2023-09-29,0.00013777680379223334,3019343.210632823
2023-10-03,0.005546741395689336,3036090.7266070335
2023-10-04,-0.004097933351472609,3023649.029160374
2023-10-05,-0.009262648272924704,2995642.0317024915
2023-10-06,0.0007922208099600432,2998015.241659197
2023-10-09,-0.0051329487734548635,2982626.5830017235
2023-10-10,0.0067886512410715305,3002874.594656071
2023-10-11,0.0032465112571573806,3012623.460831454
2023-10-12,-0.012047026472850572,2976330.3062460865
2023-10-13,0.010223401283429105,3006758.5253188717
2023-10-16,-0.004322523260505233,2993761.7416544585
2023-10-17,-0.00512977035366476,2978404.4314261833
2023-10-18,0.006610381269011981,2998092.8202912253
2023-10-19,0.006322727923829448,3017048.945484313
2023-10-20,-0.0012452564600852571,3013291.9457945554
2023-10-23,0.0175995645660106,3066324.5719508063
2023-10-25,0.007670850975024661,3089845.8907832974
2023-10-26,0.01246752346118237,3128368.6169180763
2023-10-27,-0.012426888897514235,3089492.727685165
2023-10-30,-0.003461226970728126,3078799.2921302323
2023-10-31,0.004672893879172395,3093186.1944976286
2023-11-01,-0.001682833455543616,3087980.877285302
2023-11-02,0.00218370155523416,3094724.1059295638
2023-11-03,0.0034802360332156263,3105494.476275881
2023-11-06,0.0021399894344871074,3112140.2016439694
2023-11-07,-0.003028390746921865,3102715.4250541874
2023-11-08,-0.00032352006507900083,3101711.634357952
2023-11-09,-0.004271462723915187,3088462.788731458
2023-11-10,0.0019425884066495223,3094462.4007392167
2023-11-13,-0.0009114172028165853,3091642.054473714
2023-11-15,0.004072122686262824,3104231.6002215403
2023-11-16,0.01775737427034776,3159354.602568515
2023-11-17,-0.0019844224479779924,3153085.1083740555
2023-11-20,0.0005345436330440231,3154770.5699431826
2023-11-21,0.003859156552498466,3166945.3234598073
2023-11-22,0.00755259943111349,3190863.9929081374
2023-11-23,-0.0030040369036549532,3181278.5197188975
2023-11-24,-0.00749612248521038,3157431.266275516
2023-11-28,-0.00016779402535619,3156901.468173562
2023-11-29,0.001160444115638093,3160564.8759059533
2023-11-30,0.004292704290712261,3174132.246309829
2023-12-01,0.00045001444125959054,3175560.651659136
2023-12-04,0.006180721814864221,3195187.90865327
2023-12-05,0.0018671605494644157,3201153.8374644336
2023-12-06,0.0147013351826073,3248215.073000088
2023-12-07,-0.001448917585651947,3243508.677058839
2023-12-08,0.006653388520466115,3265089.0004568137
2023-12-11,0.0013851678642904746,3269611.696814295
2023-12-12,-0.010377687849937362,3235680.6872342527
2023-12-13,-0.0004729067345111843,3234150.5120465313
2023-12-14,-0.0014934782483164409,3229320.378605008
2023-12-15,0.03881538764967698,3354667.7009455636
2023-12-18,0.00027005997890783284,3355573.662434124
2023-12-19,-9.776177613529669e-05,3355245.6155929314
2023-12-20,-0.011875200613493009,3315401.4008002225
2023-12-21,0.005239588959685755,3332772.7413767814
2023-12-22,0.008591470215021735,3361406.159117757
2023-12-26,-0.00026102128291950803,3360528.7605696903
2023-12-27,-0.00261908875569666,3351727.237479687
2023-12-28,0.0023677567551635046,3359663.3122876952
2023-12-29,-0.007551854686280478,3334291.6231584707
2024-01-01,0.0025641483407219242,3342841.241491475
2024-01-02,-0.001691961974458511,3337185.2812242196
2024-01-03,0.021194344257785016,3407914.734926499
2024-01-04,-0.004548067658338188,3392415.3081382057
2024-01-05,0.0005374453139451209,3394238.5458485205
2024-01-08,0.00990345080001404,3427853.2202908425
2024-01-09,-0.0015914918341399427,3422397.8198821186
2024-01-10,0.012864005136485822,3466423.5630161804
2024-01-11,-0.012650096117371735,3422572.9717605035
2024-01-12,0.042106299031605364,3566684.8527669413
2024-01-15,0.01562632883962493,3622419.043143587
2024-01-16,-0.012437628474762744,3577364.740905062
2024-01-17,0.000614156242453201,3579561.801792221
2024-01-18,0.003592994305640381,3592423.146962748
2024-01-19,-0.002687831520804518,3582767.3187922733
2024-01-23,0.013086364315601345,3629652.7171840193
2024-01-24,-0.0017559826135072453,3623279.1101195747
2024-01-25,0.00362825522609332,3636425.291486461
2024-01-29,0.02481345383244239,3726657.562571887
2024-01-30,0.010169106429637035,3764554.3399524917
2024-01-31,0.0038092206869658977,3778894.3582214466
2024-02-01,0.0039702951638337595,3793897.6842165324
2024-02-02,0.023989686692022293,3884912.101002476
2024-02-05,-0.006202678996663617,3860815.238309704
2024-02-06,0.0192630983092868,3935186.5017992556
2024-02-07,-0.007769886016322817,3904610.5512273037
2024-02-08,0.0056572942480682675,3926700.082039709
2024-02-09,-0.007089451801722172,3898861.93106827
2024-02-12,0.003015033880897966,3910617.1318873847
2024-02-13,0.0002862735719380005,3911736.6382222124
2024-02-14,-0.011302189712658284,3867525.4486310687
2024-02-15,0.004707150067216115,3885730.471306553
2024-02-16,-0.009742170118942932,3847875.024018724
2024-02-19,0.0013244737402074843,3852971.4334436366
2024-02-20,-0.0037708214262378212,3838442.5662077246
2024-02-21,0.00959888496093102,3875287.3348298934
2024-02-22,0.005713197931350396,3897427.6184146325
2024-02-23,-0.004767050573636185,3878848.3838505633
2024-02-26,0.0005262348873512623,3880889.5691928915
2024-02-27,0.008292903756538461,3913073.412879962
2024-02-28,-0.006785498590103697,3886521.2587538925
2024-02-29,0.0011402346620011051,3890952.805007728
2024-03-01,-0.010910290136364206,3848501.3809981938
2024-03-04,-0.008182308857476965,3817011.7540604398
2024-03-05,-0.010261925299260103,3777841.864573874
2024-03-06,0.0012886080607693064,3782710.0220528753
2024-03-07,0.00919928976525138,3817508.26764366
2024-03-11,-0.001872719908737082,3810359.1439090753
2024-03-12,-0.005085961857019372,3790979.8026416088
2024-03-13,-0.006785976114534294,3765254.304250201
2024-03-14,0.003796551623264014,3779549.2865910046
2024-03-15,-0.007899570868370712,3749692.4691510787
2024-03-18,0.00387268651420547,3764213.8526087776
2024-03-19,0.008655373791769972,3796794.5305352653
2024-03-20,-0.003742152945969313,3782586.344697582
2024-03-21,-0.0014424459281693707,3777130.168426724
2024-03-22,0.0036939833869100713,3791082.8245190894
2024-03-26,0.0038133911976234356,3805539.706391572
2024-03-27,-0.013037369882751356,3755925.477635848
2024-03-28,0.0014452234965574757,3761353.6293874453
2024-04-01,0.004298194198920191,3777520.657737366
2024-04-02,-0.00048395678187747776,3775692.5009963713
2024-04-03,0.009385450083074528,3811129.0744935116
2024-04-04,-0.005732034386306028,3789283.5515878643
2024-04-05,0.0008088997907453729,3792348.702259819
2024-04-08,-0.007142565724690201,3765261.6024029846
2024-04-09,0.001004056228142007,3769042.136765461
2024-04-10,0.009376161728729631,3804381.2854021704
2024-04-12,-0.0008108164999475342,3801296.630283875
2024-04-15,-0.0008931804339454246,3797901.386510083
2024-04-16,0.017633463230215887,3864871.540961095
2024-04-18,-0.0018701003563241928,3857643.843315196
2024-04-19,0.0035152617897913946,3871204.4713162263
2024-04-22,-0.004071253910077876,3855443.8149756687
2024-04-23,0.0013736427166249011,3860739.8172914665
2024-04-24,0.004224019764839496,3877047.6585866087
2024-04-25,-0.0013815457913689915,3871691.339710952
2024-04-26,0.002874422827339925,3882820.2176782307
2024-04-29,-0.002447142356484614,3873318.4038609355
2024-04-30,-0.008416136829212576,3840720.0261909342
2024-05-02,0.0051213561306650964,3860389.7212432357
2024-05-03,0.009284687810159052,3896232.2346305265
2024-05-06,-0.005762516354428682,3873780.1326578157
2024-05-07,-0.005909178259265024,3850889.2753167413
2024-05-08,0.001071150988713021,3855014.1591714215
2024-05-09,-0.0014746733404670254,3849329.2725637686
2024-05-10,0.0053683506146843625,3869993.821730259
2024-05-13,-0.003967604577226906,3854639.2165293223
2024-05-14,-0.00790421144262167,3824171.3331268528
2024-05-15,0.00351387341174955,3837608.9870963017
2024-05-16,-0.0017706741129786274,3830813.8322071168
2024-05-17,-0.0012161205530791068,3826155.10077075
2024-05-21,0.0012327538066247978,3830871.808035962
2024-05-22,0.0019224195418865442,3838236.3508621925
2024-05-23,0.007109210169196449,3865523.1797595215
2024-05-24,-0.006849664775671927,3839045.6417955793
2024-05-27,-0.004920039008334243,3820157.38748317
2024-05-28,-0.004011709290462477,3804832.026600775
2024-05-29,0.00275286045666409,3815306.1982310526
2024-05-30,0.014869541983323636,3872038.053924884
2024-05-31,0.0027397464532079216,3882646.456449811
2024-06-03,-0.015625068509730198,3821979.8395687216
2024-06-04,0.02662782505260222,3923750.85009133
2024-06-05,-0.006073151085484948,3899921.318356925
2024-06-06,5.7087066898168365e-05,3900143.9534261236
2024-06-07,0.028216613850964953,4010192.809323125
2024-06-10,-0.004144444924405259,3993572.7860886394
2024-06-11,-0.004928321981459812,3973891.173542399
2024-06-12,-0.0025990002422985694,3963563.029419495
2024-06-13,0.006447597990864547,3989118.4904446444
2024-06-14,-0.008020699983321162,3957122.967834869
2024-06-18,-0.004473764676142556,3939419.730882217
2024-06-19,-0.009265797107707413,3902917.8669337635
2024-06-20,0.0012790309365295534,3907909.8196283057
2024-06-21,-0.010417677057557598,3867198.47715736
2024-06-24,-0.0022390453498051985,3858539.644390307
2024-06-25,-0.0021901209889584696,3850088.9757283996
2024-06-26,0.014699231935021326,3906682.3265531003
2024-06-27,0.01747105800505418,3974936.2000876293
2024-06-28,0.003649702483769427,3989443.534609914
2024-07-01,0.010321177878176768,4030619.290965565
2024-07-02,0.010696688362731669,4073733.569429838
2024-07-03,-0.005736605590167458,4050364.166662594
2024-07-04,0.009788073684286136,4090009.42957408
2024-07-05,0.006016818849266525,4114618.2754036183
2024-07-08,0.0039033618328276156,4130679.1193364835
2024-07-09,-0.0037577830745691987,4115156.9232553644
2024-07-10,-0.005996899784769191,4090478.739588003
2024-07-11,-0.0004114370226072639,4088795.765194349
2024-07-12,0.013589357395821086,4144359.8721660944
2024-07-15,9.758380893392105e-05,4144764.294588013
2024-07-16,-0.0014068192267627788,4138933.360487987
2024-07-18,0.01918813149736134,4218351.758067846
2024-07-19,0.00010483804818967427,4218794.001832739
2024-07-22,-0.007182400703728516,4188492.9328250904
2024-07-23,0.0007912744705131184,4191807.180352759
2024-07-24,0.000909969729859165,4195621.598000287
2024-07-25,-0.0036473102664151824,4180318.864271907
2024-07-26,0.008546804590866467,4216047.232732352
2024-07-29,0.00041654673555648904,4217803.413444099
2024-07-30,-0.0016446023421019158,4210866.804071823
2024-07-31,-0.001754993236162498,4203476.761312296
2024-08-01,0.000287432452314403,4204684.976946047
2024-08-02,0.006243597837988638,4230937.33897753
2024-08-05,0.034073088533856176,4375098.441509709
2024-08-06,-0.0031528712532737555,4361304.31940323
2024-08-07,-0.012065275000218737,4308683.983429989
2024-08-08,0.014810046825092757,4372495.794979114
2024-08-09,-0.015558337250665874,4304467.03077371
2024-08-12,-0.010984388836509124,4257185.091173758
2024-08-13,0.000663891828188623,4260011.401566875
2024-08-14,-0.003560237969670621,4244844.747223787
2024-08-16,0.01949634024481123,4327603.684702062
2024-08-19,0.010070158143385152,4371183.338188907
2024-08-20,0.005485751654692524,4395162.564419341
2024-08-21,0.0027743012916993473,4407356.069599039
2024-08-22,-0.002403624887119834,4396762.4388637515
2024-08-23,-0.0056270185196904965,4372021.775193586
2024-08-26,0.008199415803975466,4407869.799632433
2024-08-27,0.001185207597062125,4413094.040405818
2024-08-28,-0.008245722562785692,4376704.891305149
2024-08-29,0.006313961908680817,4404339.239274386
2024-08-30,0.0022738686185025986,4414354.128055813
2024-09-02,0.0026362420281237733,4425991.433935216
2024-09-03,-0.006152823140294084,4398759.091421756
2024-09-04,-0.007004992637003138,4367945.816374395
2024-09-05,0.00287191494425277,4380490.185240128
2024-09-06,0.013112016938081653,4437927.246746097
2024-09-09,0.002340908594790081,4448316.028781057
2024-09-10,-0.00726196760800113,4416012.501869897
2024-09-11,0.004768552713112384,4437070.490266828
2024-09-12,0.010411210838514566,4483265.766646347
2024-09-13,-0.0024731842610830205,4472177.824314024
2024-09-16,7.667267992524558e-05,4472520.718172917
2024-09-17,4.704196343922421e-05,4472731.114329023
2024-09-18,0.00024838001486113026,4473842.05134967
2024-09-19,0.0019224636910137357,4482442.8502527205
2024-09-20,-0.00672437247801625,4452301.234916201
2024-09-23,-0.0013203508560399129,4446422.635169331
2024-09-24,0.0007335776043688735,4449684.431234051
2024-09-25,0.0017392599559747776,4457423.58918202
2024-09-26,0.0014059941790979618,4463690.700802184
2024-09-27,0.0063986648688421814,4492252.361674784
2024-09-30,0.008097687963881765,4528629.219554638
2024-10-01,-0.004367540962414784,4508850.245934644
2024-10-03,0.015334839950984518,4577992.742819009
2024-10-04,-0.011004468471068238,4527614.366019879
2024-10-07,-0.008219790536386625,4490398.32430166
2024-10-08,0.00554800817127854,4515311.090897181
2024-10-09,-0.00612189693543604,4487668.821767277
2024-10-10,0.006902792178782609,4518646.267011138
2024-10-11,0.0036248063897722873,4535025.484872921
2024-10-14,-0.00513803333250793,4511724.372767872
2024-10-15,-0.005523419476567108,4486804.226494423
2024-10-16,0.005812380010998805,4512883.237693764
2024-10-17,-0.009031419072785834,4472125.497947602
2024-10-18,0.012193497065645714,4526656.347084025
2024-10-21,0.0058264801094121505,4553030.820252454
2024-10-22,0.011757693749566736,4606563.962269321
2024-10-23,-0.006940160614611668,4574593.66848969
2024-10-24,0.0029749063951373853,4588202.656449234
2024-10-25,0.002411008505301293,4599264.85207798
2024-10-28,-0.0018280071094319615,4590857.363230221
2024-10-29,0.001636581741001512,4598370.676566426
2024-10-30,-0.007209649127855148,4565218.037428564
2024-10-31,0.003992647440302906,4583445.343540128
2024-11-01,-0.001278197892677424,4577586.793360813
2024-11-04,0.01010281960024412,4623833.3269385975
2024-11-05,0.00037426356828762497,4625563.859298704
2024-11-06,-0.02234572918077857,4522202.261990418
2024-11-07,-0.009768207933806039,4478028.449976567
2024-11-08,-0.00030490743275113363,4476663.065818098
2024-11-11,-0.0015328835905433398,4469800.862464114
2024-11-12,0.0020683012074255527,4479045.756984901
2024-11-13,-0.002142284063798683,4469450.368638687
2024-11-14,0.0038104751536196155,4486481.09821872
2024-11-18,0.021190189191046215,4581550.481492029
2024-11-19,0.0009397879766791887,4585856.167549084
2024-11-21,0.000560087934595869,4588424.650258319
2024-11-22,0.012950985041764368,4647849.269269078
2024-11-25,0.008893829971539076,4689186.4504033
2024-11-26,0.011234665771612473,4741867.892914355
2024-11-27,-0.00212567454581943,4731788.225034748
2024-11-28,-0.024269259735852217,4616951.227586333
2024-11-29,-0.003493401775006581,4600822.361972764
2024-12-02,1.8545853230023113e-05,4600907.688149026
2024-12-03,-0.0038828990357272276,4583042.828123242
2024-12-04,0.00811802460948933,4620248.08258829
2024-12-05,0.019508720428424598,4710383.21074147
2024-12-06,-0.0061773673481612485,4681285.443298108
2024-12-09,-0.004583284231664186,4659829.781541921
2024-12-10,0.00313121222203964,4674420.69750651
2024-12-11,0.0030375969872622846,4688619.703734452
2024-12-12,-0.0038906468030281602,4670377.9404735025
2024-12-13,-0.0010554861604426128,4665448.421193297
2024-12-16,-0.00022688039648127307,4664389.922405734
2024-12-17,0.0009482671844401359,4668813.010304584
2024-12-18,0.00020781406715901044,4669783.25532506
2024-12-19,0.01730327755428661,4750585.811110309
2024-12-20,0.01886006351170159,4840182.161225638
2024-12-23,-0.004115121068907286,4820264.225636629
2024-12-24,0.000819480595194951,4824214.33863325
2024-12-26,0.002807698751352302,4837759.279208087
2024-12-27,-0.002527157886465403,4825533.497692815
2024-12-30,0.004077380942192107,4845209.036012217
2024-12-31,0.008235647047828407,4885112.467505763
2025-01-01,-0.003470706732485137,4868157.674775844
2025-01-02,-0.0028691024964321962,4854190.431438119
2025-01-03,-0.006930203111712788,4820549.9058053205
2025-01-06,-0.009208878255714719,4776158.048597163
2025-01-07,0.002028096430398437,4785844.557686541
2025-01-08,0.012852868487435906,4847356.388387797
2025-01-09,-0.00021165521401675844,4846330.420133997
2025-01-10,-0.031030423160709798,4695946.736420619
2025-01-13,0.0003668834209060428,4697669.60142367
2025-01-14,0.0003175094005445211,4699161.155682773
2025-01-15,0.003965382105752369,4717795.125241565
2025-01-16,-0.0033610129593417836,4701938.554686108
2025-01-17,-0.029598660567371163,4562767.471397319
2025-01-20,-0.004290199135251504,4543192.290337176
2025-01-21,0.0069941551080558995,4574968.081901518
2025-01-22,-0.0012367567234087644,4569309.959366846
2025-01-23,0.0026554161427717084,4581443.378794276
2025-01-24,-0.0036112546483510585,4564898.620096448
2025-01-27,-0.007033328992692563,4532792.186283021
2025-01-28,0.0018557660443073202,4541203.988108227
2025-01-29,0.004636780992589114,4562260.556443757
2025-01-30,-0.0012478489154990717,4556567.544556174
2025-01-31,0.00038543018796648496,4558323.783241355
2025-02-01,0.0017316625729980606,4566217.261932401
2025-02-03,-0.003279062241550775,4551244.351322081
2025-02-04,0.02001122138585032,4642320.309617488
2025-02-05,-0.0034172833537340352,4626456.18570073
2025-02-06,-0.0032082562914938825,4611613.328535635
2025-02-07,-0.006130203164203578,4583343.201916963
2025-02-10,0.0012791284636542628,4589205.886665232
2025-02-11,0.011617105070031782,4642519.17363863
2025-02-12,0.008288260499316006,4680997.581922816
2025-02-13,0.007058987476298999,4714040.685230195
2025-02-14,-0.0047988811775159235,4691418.5641158
2025-02-17,0.003007876884238536,4705529.773569092
2025-02-18,0.0007900578498103809,4709247.414304216
2025-02-19,-0.0009524366983933037,4704762.154245019
2025-02-20,-0.004562783776669299,4683295.341814542
2025-02-21,0.003747006839062076,4700843.681489669
2025-02-24,0.022625917828989508,4807204.584353979
2025-02-25,0.006391400246661183,4837929.352920169
2025-02-27,0.0013441442819284537,4844432.227996271
2025-02-28,0.02833589337711147,4981703.543081416
2025-03-03,0.0029474789626442823,4996387.009472778
2025-03-04,0.0028996193398573475,5010874.629874858
2025-03-05,-0.00992649466198725,4961134.209609519
2025-03-06,-0.005494685561721442,4933874.337098216
2025-03-07,-0.004390707635774982,4912211.137372364
2025-03-10,0.003972555426888776,4931725.168384156
2025-03-11,-0.011535174671800133,4874836.857133532
2025-03-12,-0.023241127273596913,4761540.153298871
2025-03-13,0.005058877724503515,4785628.202714724
2025-03-17,0.0013993924034653013,4792325.174467411
2025-03-18,-0.00013333333333333334,4791686.197777482
2025-03-19,-0.0015757149897775028,4784135.866009333
2025-03-20,0.005816212367494566,4811961.416200991
2025-03-21,-0.0015892614118413247,4804313.9516069535
2025-03-24,0.011503891036085548,4859582.255809385
2025-03-25,0.00585439590921392,4888032.174288284
2025-03-26,-0.011151879893426994,4833521.426565414
2025-03-27,0.0007846016381969209,4837313.815394958
2025-03-28,-0.0020510748021957364,4827392.122917888
2025-04-01,0.0016283289237339904,4835252.705137841
2025-04-02,-0.004268814856436798,4814611.906555522
2025-04-03,0.02543247660464021,4937059.411229418
2025-04-04,0.03189771099665617,5094540.305502134
2025-04-07,0.025958466787734946,5226786.7608212875
2025-04-08,-0.014291144898732252,5152089.993867615
2025-04-09,0.009659439532620237,5201856.295629996
2025-04-11,-0.009263788908161485,5153667.396976689
2025-04-15,-0.008108462088635004,5111879.080270869
2025-04-16,0.005294222810758813,5138942.50710348
2025-04-17,-0.008555141009951894,5094978.129313174
2025-04-21,0.014916353028694769,5170976.621763488
2025-04-22,-0.00830723130490633,5128020.122894237
2025-04-23,0.024394098644041334,5253113.551620748
2025-04-24,-0.0014941636262236768,5245264.540427494
2025-04-25,0.0062331354470438844,5277958.984763555
2025-04-28,0.01752587881329463,5370459.85431206
2025-04-29,0.013795624288564401,5444548.700718968
2025-04-30,3.6228948193550714e-05,5444745.950991783
2025-05-02,0.0028314353642364676,5460162.397226704
2025-05-05,0.005339601368818651,5489317.487836909
2025-05-06,-0.0012311629118694951,5482559.243734407
2025-05-07,-0.005636646754654288,5451655.993966011
2025-05-08,-0.00021365282850780427,5450491.23224285
2025-05-09,-0.005524021288844231,5420382.602641281
2025-05-12,0.057913631745727216,5734296.644611594
2025-05-13,-0.007200654828620327,5693005.953788831
2025-05-14,0.010168606231084532,5750895.88960413
2025-05-15,0.014216488640457214,5832653.435691139
2025-05-16,-0.00600132219994957,5797649.803142914
2025-05-19,-0.006851461095492335,5757927.431071391
2025-05-20,0.0015017460021222583,5766574.375571513
2025-05-21,-0.0001434481920878916,5765747.170902797
2025-05-22,0.013561071796987165,5843936.882250685
2025-05-23,-0.011446363096297244,5777045.0587846
2025-05-26,-0.003761647136171605,5755313.853783689
2025-05-27,-0.0016397934784513866,5745876.327659814
2025-05-28,-0.0017001898517210086,5736107.247038282
2025-05-29,-0.0019990536138707157,5724640.46111654
2025-05-30,0.0035768811580381226,5745116.819718451
2025-06-02,0.004629752603515066,5771715.28927204
2025-06-03,0.008559815582821817,5821120.107744761
2025-06-04,0.0027937707771503438,5837382.9829920605
2025-06-05,-0.006191410796275808,5801241.346969168
2025-06-06,-0.0006211879893070815,5797637.685521358
2025-06-09,0.002997539660865911,5815016.334423038
2025-06-10,0.0063861373063699295,5852151.827173447
2025-06-11,0.01060707348409203,5914226.031644339
2025-06-12,-0.0027913584677555186,5897717.306730689
2025-06-13,-0.005651617863747534,5864385.662244637
2025-06-16,0.0019520887675928595,5875833.463624736
2025-06-17,-3.65661734243646e-05,5875618.606879292
2025-06-18,0.004380202243018938,5901355.004680269
2025-06-19,0.006218809032110755,5938054.404485067
2025-06-20,0.0077301926130296,5983956.708778385
2025-06-23,0.005908942719323206,6019315.566205467
2025-06-24,0.0015636361676300374,6028727.585729165
2025-06-25,-0.005460807912469834,5995805.86242689
2025-06-26,-0.00687820843026284,5954565.459997726
2025-06-27,-0.006331971842707559,5916861.319169462
2025-06-30,-0.0026495246678940095,5901184.449147814
2025-07-01,0.004105872021706351,5925413.957272499
2025-07-02,0.002105916381179207,5937892.383590387
2025-07-03,-0.004374198851857295,5911918.861543634
2025-07-04,-0.0005816923589180659,5908479.943515331
2025-07-07,0.005092957198677491,5938571.578976898
2025-07-08,-0.0037777270260535754,5916137.276626844
2025-07-09,-0.005207311229146565,5885330.108553093
2025-07-10,0.003957846899001183,5908623.344072827
2025-07-11,0.020578165799426323,6030211.97489352
2025-07-14,0.012124421788582493,6103324.808351689
2025-07-15,-0.00669135847411854,6062485.274175027
2025-07-16,-0.003889621162151339,6038904.503157365
2025-07-17,0.009586717679143245,6096797.775720442
2025-07-18,0.001547689727768679,6106233.727010207
2025-07-21,-0.007147172965429748,6062591.418395924
2025-07-22,0.006224818632336875,6100329.9504174
2025-07-23,-0.005605128436212044,6066136.81754204
2025-07-24,0.012995862401176303,6144971.496929526
2025-07-25,0.011854264933538769,6217815.617063172
2025-07-28,0.006921903439583395,6260854.736369616
2025-07-29,-0.009236420047166715,6203026.852170213
2025-07-30,0.0006078581596561607,6206797.412656872
2025-07-31,0.008732508837150007,6260998.325913297
2025-08-01,0.00402076226854929,6286172.311745579
2025-08-04,0.0011957829840157548,6293689.2096305555
2025-08-05,0.010228995400494474,6358067.327608008
2025-08-06,-0.0023460167381342233,6343151.195235255
2025-08-07,-0.0009819576119471706,6336922.489635362
2025-08-08,0.0030070546388108136,6355977.961803604
2025-08-11,-0.003772545234912957,6331999.74743059
2025-08-12,0.0028101983872208746,6349793.922908702
2025-08-13,-0.001204255479630545,6342147.148782515
2025-08-14,0.005390708209564562,6376335.813483723
2025-08-18,0.003165850681229662,6396522.34056259
2025-08-19,0.00884235189304731,6453082.641989584
2025-08-20,-0.005569392938364781,6417142.889092603
2025-08-21,0.0031252565419105597,6437198.106887115
2025-08-22,-0.010853663292346272,6367330.926088834
2025-08-25,0.020250750160712167,6496274.153863634
2025-08-26,-0.008975474737164956,6437967.0093099335
2025-08-28,0.0005162281050155778,6441290.468819302
2025-08-29,0.014383272846524896,6533937.30711605
2025-09-01,-0.010717932867184454,6463907.005699988
2025-09-02,-0.003406675307774786,6441886.573311918
2025-09-03,0.00423782932414513,6469186.1891351165
2025-09-04,0.007051904275063636,6514806.270878461
2025-09-05,-0.013412843374522044,6427424.194751814
2025-09-08,-0.0014861408630444531,6417872.137011873
2025-09-09,-0.01394263535021798,6328390.086081192
2025-09-10,0.0005471523264009756,6331852.679439163
2025-09-11,-0.002066971614146647,6318764.919685804
2025-09-12,0.007311530326898612,6364964.761024632
2025-09-15,-0.005017721351317912,6333027.141442851
2025-09-16,0.005690644159516885,6369066.145357365
2025-09-17,0.003170363710246097,6389258.401532763
2025-09-18,0.004544242495442482,6418292.741075371
2025-09-19,-0.0026638942997507056,6401195.087628289
2025-09-22,0.004938000061113416,6432804.189362197
2025-09-23,0.0017392534142751882,6443992.46601191
2025-09-24,0.005215375814587271,6477600.308468531
2025-09-25,0.013306040853435452,6563791.522805238
2025-09-26,0.013367517160402223,6651533.118623639
2025-09-29,0.003139809569000137,6672417.665958015
2025-09-30,0.0030230136323238233,6692588.475522765
2025-10-01,-0.005050788645415638,6658785.625642155
2025-10-03,0.0025132454744798785,6675520.788481331
2025-10-06,-0.014007832943078552,6582011.208468237
2025-10-07,-0.003482725712654873,6559087.868791522
2025-10-08,0.010150634507882783,6625666.772452712
2025-10-09,0.009522539649428063,6688759.946997291
2025-10-10,-0.0014560641069484663,6679020.683718475
2025-10-13,-0.0064578400626762525,6635888.636367714
2025-10-14,0.004613496995701231,6666503.288655404
2025-10-15,0.005772340010242472,6704984.612316923
2025-10-16,-0.005064499190667204,6671027.223174407
2025-10-17,0.0015225083905223702,6681183.918095094
2025-10-20,-0.01037940041395998,6611837.234969875
2025-10-21,0.001914585766353231,6624496.164429393
2025-10-23,0.016117440311606394,6731266.085954049
2025-10-24,-0.0010242568339416946,6724371.54066443
2025-10-27,0.01029030350948353,6793567.3647284
2025-10-28,-0.0032412333451155386,6771547.827653553
2025-10-29,0.006112000550015891,6812935.531700632
2025-10-30,-0.0027488083900821946,6794208.077350004
2025-10-31,0.005395981599782888,6830869.49912048
2025-11-03,-0.004829288404016381,6797881.2602590285
2025-11-04,0.009359373659253123,6861505.171065028
2025-11-06,-0.007239456841903857,6811831.600508602
2025-11-07,0.0038517948993995743,6838069.378723011
2025-11-10,-0.0022805719020864436,6822474.669833378
2025-11-11,-0.0003803344350171341,6819879.847784407
2025-11-12,0.017844910400622253,6941579.992611129
2025-11-13,-0.005036950912423732,6906615.594933684
2025-11-14,-0.006634547929051345,6860793.3227415625
2025-11-17,0.0006551830489412843,6865288.398228912
2025-11-18,-0.006551339909081706,6820311.560358239
2025-11-19,0.01891979077083587,6949350.428072129
2025-11-20,-0.007929615364871393,6894244.752141814
2025-11-21,0.0017874923102314756,6906568.16162112
2025-11-24,-0.0026533946790786578,6888242.310410381
2025-11-25,-0.005256646098575457,6852033.258343319
2025-11-26,0.01715346912734761,6969569.39929987
2025-11-27,-0.0023331491493163345,6953308.354384792
2025-11-28,0.002177118289908616,6968446.529178498
2025-12-01,-0.0015666016034528256,6957529.749672312
2025-12-02,-0.003330202271911572,6934359.768293062
2025-12-03,-0.0028130181340278552,6914853.28851698
2025-12-04,-0.001859795444256555,6901993.075873294
2025-12-05,0.004037140928899878,6929857.394610886
2025-12-08,-0.0004194224508544675,6926950.856838367
2025-12-09,-0.002475506008660755,6909803.148370566
2025-12-10,0.0006588961791858342,6914355.991263953
2025-12-11,0.004681992752095266,6946728.955900458
2025-12-12,0.0001972286006184827,6948099.049531305
2025-12-15,-0.000725458414892984,6943058.4926083125
2025-12-16,0.003270787010664374,6965767.758140218
2025-12-17,-0.00026294908959254563,6963936.115849903
2025-12-18,-0.001632645086720963,6952566.479766121
2025-12-19,0.006894625474385337,7000501.821729874
2025-12-22,0.016904532094337805,7118842.029451777
2025-12-23,-0.006690421223618219,7071213.977650347
2025-12-24,-0.0027254415462864743,7051941.797292978
2025-12-26,-0.005165800428452716,7015512.873335098
2025-12-29,0.0020167645737477094,7029661.511164711
2025-12-30,0.006281030230681813,7073815.027627796
2025-12-31,-0.0011815597787127041,7065456.892309097
2026-01-01,-0.0020044131643846886,7051294.797501761
2026-01-02,-0.0032945292340217,7028064.100653685
2026-01-05,0.006333591010430369,7072576.984262313
2026-01-06,0.009439770449245289,7139340.487478365
2026-01-07,0.0004478991533324386,7142538.192038059
2026-01-08,0.011360742137135066,7223682.726642443
2026-01-09,-0.0017697288162286254,7210898.767161812
2026-01-12,-0.0013308566010783822,7201302.0949378265
2026-01-13,0.004424047874154979,7233161.000162085
2026-01-14,0.006491077957318255,7280112.01209197
2026-01-15,-0.00013333333333333334,7279141.330490358
2026-01-16,-0.02666055970328016,7085075.348460206
2026-01-19,-0.00747835298566096,7032090.654074416
2026-01-20,0.006125224918564066,7075163.7909783535
2026-01-21,0.0012576975717665622,7084062.207298119
2026-01-22,-0.0052994378291048765,7046520.660053031
2026-01-23,0.0038136586655488063,7073393.6846302105
2026-01-27,-0.003513149350250555,7048543.796202985
2026-01-28,0.011431150778490426,7129116.763106174
2026-01-29,0.0027747777212412095,7148898.477472568
2026-01-30,-0.0027305395482608353,7129378.127453328
2026-02-02,0.008160419966634717,7187556.847074287
2026-02-03,-2.9743113461133907e-05,7187343.066755476
2026-02-04,-0.052141906576157436,6812581.296037919
2026-02-05,0.005473922999217511,6849872.84147834
2026-02-06,-0.0043966972561336375,6819756.024351348
2026-02-09,0.0004561441723548813,6822866.816318739
2026-02-10,0.004688899922220879,6854858.5560031
2026-02-11,-0.004921136443848099,6821124.86174573
2026-02-12,0.005652579895057556,6859681.815000911
2026-02-13,0.01768982770235922,6981028.404401285
2026-02-16,-0.005039944099838989,6945844.411483714
2026-02-17,-0.004308361952106339,6915919.199696027
2026-02-18,0.0026662845856047315,6934359.008453463
2026-02-19,0.010233699939004137,7005323.1578153055
2026-02-20,0.0008333064391087645,7011160.738710752
2026-02-23,0.0055395233653940945,7049999.227441374
2026-02-24,-4.180955606086315e-05,7049704.470103445
2026-02-25,-0.00408100328052546,7020934.603034219
2026-02-26,-0.00405261817353042,6992481.435866794
2026-02-27,0.0015089553529875621,7003032.778160113
2026-03-02,0.014477231854497452,7104417.307374182
2026-03-04,-0.004830895914520809,7070096.606828936
2026-03-05,0.011621747957009898,7152263.487625214
2026-03-06,0.0056378998485782685,7192587.232859088
2026-03-09,-0.0011949801086187147,7183992.234186317
2026-03-10,-0.0005263880414373423,7180210.666584462
2026-03-11,0.002839911651756589,7200601.830518562
2026-03-12,0.00872815971902381,7263449.833368423
